timestamp,BTCUSDT_price,ETHUSDT_price,BNBUSDT_price,XRPUSDT_price,ADAUSDT_price,SOLUSDT_price,BTCUSDT_funding_rate,ETHUSDT_funding_rate,BNBUSDT_funding_rate,XRPUSDT_funding_rate,ADAUSDT_funding_rate,SOLUSDT_funding_rate
2024-05-22T16:00:00.000+02:00,69166.62,3737.73,614.8,0.5268,0.4835,176.95,1.0E-4,1.0E-4,1.546E-4,1.0E-4,1.0E-4,1.0E-4
2024-05-23T00:00:00.000+02:00,69734.04,3814.0,614.9,0.529,0.4852,177.44,1.0E-4,1.0E-4,1.0082E-4,1.0E-4,1.0E-4,1.0E-4
2024-05-23T08:00:00.000+02:00,68076.0,3812.95,594.4,0.5292,0.468,172.7,1.0E-4,1.0E-4,1.4596E-4,1.0E-4,1.0E-4,1.0E-4
2024-05-23T16:00:00.000+02:00,67969.65,3783.61,599.3,0.5289,0.4656,176.16,1.0E-4,1.0E-4,0.0,1.0E-4,1.0E-4,1.0E-4
2024-05-24T00:00:00.000+02:00,67155.93,3679.24,593.1,0.523,0.4615,166.16,1.0E-4,1.0E-4,0.0,1.0E-4,1.0E-4,1.0E-4
2024-05-24T08:00:00.000+02:00,68326.46,3693.67,597.1,0.5327,0.459,167.29,1.0E-4,1.0E-4,4.49E-6,1.0E-4,1.0E-4,1.0E-4
2024-05-24T16:00:00.000+02:00,68549.99,3728.28,600.3,0.536,0.4601,167.7,1.0E-4,1.0E-4,0.0,1.0E-4,1.0E-4,1.0E-4
2024-05-25T00:00:00.000+02:00,68753.92,3746.6,601.7,0.5349,0.4625,168.99,1.0E-4,1.0E-4,0.0,1.0E-4,1.0E-4,1.0E-4
2024-05-25T08:00:00.000+02:00,68930.4,3743.79,601.9,0.5397,0.4597,167.83,1.0E-4,1.0E-4,0.0,1.0E-4,1.0E-4,1.0E-4
2024-05-25T16:00:00.000+02:00,69290.57,3749.26,602.4,0.5416,0.4623,168.35,1.0E-4,1.0E-4,0.0,1.0E-4,1.0E-4,1.0E-4
2024-05-26T00:00:00.000+02:00,69340.15,3786.02,604.2,0.5396,0.4612,165.33,1.0E-4,1.0E-4,0.0,1.0E-4,1.0E-4,1.0E-4
2024-05-26T08:00:00.000+02:00,68847.99,3833.05,602.3,0.5312,0.4595,162.85,1.0E-4,1.0E-4,8.753E-5,1.0E-4,1.0E-4,1.0E-4
2024-05-26T16:00:00.000+02:00,68507.67,3826.47,600.2,0.5283,0.4581,163.41,1.0E-4,1.0E-4,0.0,1.0E-4,1.0E-4,1.0E-4
2024-05-27T00:00:00.000+02:00,68643.36,3914.01,603.0,0.528,0.4589,165.52,1.0E-4,1.0E-4,7.614E-5,1.0E-4,1.0E-4,1.0E-4
2024-05-27T08:00:00.000+02:00,70373.85,3963.39,612.7,0.5392,0.4722,171.04,1.0E-4,1.0E-4,1.094E-4,1.0E-4,1.0E-4,1.0E-4
2024-05-27T16:00:00.000+02:00,69436.43,3894.22,603.9,0.534,0.4683,170.15,1.0E-4,1.0E-4,1.9809E-4,1.1858E-4,1.0E-4,1.0E-4
2024-05-28T00:00:00.000+02:00,67694.0,3847.29,597.8,0.5264,0.4555,166.09,1.0E-4,1.0E-4,1.7805E-4,1.0E-4,1.141E-4,1.0E-4
2024-05-28T08:00:00.000+02:00,68374.08,3861.1,601.4,0.5301,0.4579,168.28,1.0E-4,1.0E-4,0.0,1.0E-4,1.0E-4,1.0E-4
2024-05-28T16:00:00.000+02:00,68398.39,3844.69,601.7,0.5287,0.4576,168.68,1.0E-4,1.219E-4,0.0,2.0504E-4,1.0E-4,1.4129E-4
2024-05-29T08:00:00.000+02:00,67379.13,3759.85,595.4,0.528,0.4556,168.6,1.0E-4,1.0E-4,5.977E-5,1.3669E-4,1.0E-4,1.3729E-4
2024-05-29T16:00:00.000+02:00,67652.42,3767.43,595.7,0.5238,0.4512,168.32,1.2558E-4,1.77E-4,8.769E-5,2.1111E-4,1.2429E-4,1.0E-4
2024-05-30T00:00:00.000+02:00,67584.56,3720.32,589.1,0.5157,0.4458,165.0,1.0E-4,2.5357E-4,0.0,1.1506E-4,1.0E-4,1.0E-4
2024-05-30T08:00:00.000+02:00,68530.76,3776.12,596.6,0.5245,0.4505,168.48,1.0E-4,1.4202E-4,0.0,1.0E-4,1.0E-4,1.0E-4
2024-05-30T16:00:00.000+02:00,68352.17,3747.91,595.1,0.5186,0.4465,166.88,1.0E-4,1.8706E-4,0.0,1.8489E-4,1.0E-4,1.0E-4
2024-05-31T00:00:00.000+02:00,68174.99,3729.11,591.9,0.5164,0.4484,166.62,1.4599E-4,1.0E-4,2.222E-5,1.0E-4,1.0E-4,1.0E-4
2024-05-31T08:00:00.000+02:00,67215.58,3744.77,591.3,0.5176,0.4464,164.81,1.2268E-4,1.0793E-4,0.0,1.08E-4,1.0E-4,1.0E-4
2024-05-31T16:00:00.000+02:00,67540.01,3762.29,593.7,0.5176,0.447,165.65,1.0E-4,1.2319E-4,7.882E-5,1.0E-4,1.0E-4,1.0E-4
2024-06-01T00:00:00.000+02:00,67632.08,3773.0,595.1,0.5188,0.4483,166.85,1.0E-4,1.7131E-4,1.9589E-4,1.0E-4,1.4915E-4,1.6081E-4
2024-06-01T08:00:00.000+02:00,67691.28,3798.6,596.3,0.5201,0.4485,167.31,1.0E-4,1.3009E-4,2.3411E-4,2.6381E-4,1.3473E-4,1.1764E-4
2024-06-02T00:00:00.000+02:00,67721.0,3793.33,600.1,0.5165,0.4519,165.02,1.0E-4,1.5695E-4,3.6939E-4,1.1858E-4,2.0642E-4,1.6684E-4
2024-06-02T08:00:00.000+02:00,68142.17,3798.78,601.5,0.5176,0.4509,165.16,1.0E-4,1.0E-4,2.2554E-4,1.281E-4,2.1214E-4,1.0E-4
2024-06-02T16:00:00.000+02:00,67765.63,3780.91,602.9,0.5135,0.4465,163.15,1.0E-4,1.0E-4,1.1225E-4,1.0171E-4,1.541E-4,1.0E-4
2024-06-03T00:00:00.000+02:00,68906.7,3817.82,626.1,0.5211,0.4534,165.35,1.0E-4,1.2702E-4,2.004E-4,1.0E-4,1.0E-4,1.2157E-4
2024-06-03T08:00:00.000+02:00,69615.28,3796.82,627.8,0.5218,0.4529,164.83,1.4135E-4,1.5803E-4,2.8495E-4,2.1761E-4,2.2998E-4,1.0832E-4
2024-06-03T16:00:00.000+02:00,68809.9,3767.06,626.4,0.5199,0.4573,164.89,1.0E-4,1.2815E-4,1.3785E-4,1.7757E-4,1.0E-4,1.1323E-4
2024-06-04T00:00:00.000+02:00,69013.63,3774.72,628.6,0.5204,0.4567,165.24,1.2008E-4,1.0E-4,1.2196E-4,1.0E-4,1.0E-4,1.5497E-4
2024-06-04T08:00:00.000+02:00,70445.0,3810.63,663.0,0.5295,0.461,167.91,1.0E-4,1.0E-4,1.3176E-4,1.0E-4,1.0E-4,1.3282E-4
2024-06-04T16:00:00.000+02:00,70537.84,3810.23,685.7,0.5257,0.4615,171.78,1.0E-4,1.08E-4,1.9423E-4,1.0E-4,1.0E-4,1.6338E-4
2024-06-05T00:00:00.000+02:00,71200.0,3809.58,705.6,0.527,0.4625,173.43,1.0E-4,1.6969E-4,1.5839E-4,1.0E-4,1.0E-4,2.1045E-4
2024-06-05T08:00:00.000+02:00,71580.0,3813.58,704.6,0.5292,0.4616,174.74,1.6387E-4,1.0E-4,1.6022E-4,1.5158E-4,1.0E-4,2.3899E-4
2024-06-05T16:00:00.000+02:00,71108.0,3865.99,698.8,0.5258,0.4613,173.54,1.3226E-4,1.0659E-4,2.0097E-4,1.8024E-4,1.0E-4,2.1842E-4
2024-06-06T00:00:00.000+02:00,71021.47,3852.1,704.6,0.5248,0.4591,172.6,1.0E-4,1.9461E-4,2.0144E-4,1.0109E-4,1.3524E-4,1.6193E-4
2024-06-06T16:00:00.000+02:00,70799.06,3813.46,711.2,0.5215,0.4582,170.15,1.177E-4,1.4989E-4,8.066E-5,2.8204E-4,1.0E-4,2.0758E-4
2024-06-07T00:00:00.000+02:00,71110.0,3816.31,697.8,0.5254,0.4616,172.01,1.0E-4,1.6105E-4,4.266E-5,1.0E-4,1.6351E-4,1.0E-4
2024-06-07T08:00:00.000+02:00,71111.54,3800.73,701.0,0.5239,0.4788,170.15,1.0E-4,1.3228E-4,0.0,1.4911E-4,2.4194E-4,1.6418E-4
2024-06-07T16:00:00.000+02:00,69355.6,3678.32,684.0,0.4991,0.4492,162.5,1.0166E-4,1.7029E-4,0.0,3.0813E-4,1.6832E-4,1.698E-4
2024-06-08T00:00:00.000+02:00,69582.2,3708.98,694.7,0.5003,0.4457,163.6,1.0E-4,1.0E-4,0.0,1.0E-4,1.0E-4,1.0E-4
2024-06-08T08:00:00.000+02:00,69430.01,3688.13,686.5,0.4932,0.436,160.15,1.0E-4,1.0E-4,0.0,1.0E-4,1.0E-4,1.0E-4
2024-06-08T16:00:00.000+02:00,69310.46,3681.57,682.7,0.4926,0.4368,157.83,1.0E-4,1.0E-4,0.0,1.0E-4,1.0E-4,1.0E-4
2024-06-09T00:00:00.000+02:00,69295.64,3685.99,679.9,0.4939,0.4376,159.01,1.0E-4,1.0E-4,0.0,1.0E-4,1.0E-4,1.0E-4
2024-06-09T08:00:00.000+02:00,69508.64,3690.59,676.9,0.4951,0.4397,161.63,1.0E-4,1.0E-4,0.0,1.0E-4,1.0E-4,1.0E-4
2024-06-10T00:00:00.000+02:00,69303.99,3647.79,640.9,0.4937,0.4359,157.62,1.0E-4,1.0E-4,0.0,1.0E-4,1.0E-4,1.0E-4
2024-06-10T08:00:00.000+02:00,70066.12,3702.54,651.0,0.5045,0.4473,162.38,1.0E-4,1.0E-4,0.0,1.0E-4,1.0E-4,1.0E-4
2024-06-11T08:00:00.000+02:00,66244.48,3447.75,597.9,0.4765,0.4192,147.67,1.0E-4,1.0E-4,0.0,1.0E-4,1.0E-4,1.0E-4
2024-06-11T16:00:00.000+02:00,67314.24,3497.33,602.5,0.4802,0.422,149.31,1.0E-4,1.0E-4,0.0,1.0E-4,1.0E-4,1.0E-4
2024-06-12T00:00:00.000+02:00,67453.63,3526.71,614.8,0.4811,0.426,151.79,1.0E-4,1.0E-4,0.0,1.0E-4,1.0E-4,1.0E-4
2024-06-12T08:00:00.000+02:00,69734.0,3618.32,628.5,0.4964,0.4405,158.84,1.0E-4,1.0E-4,0.0,1.0E-4,1.0E-4,1.0E-4
2024-06-12T16:00:00.000+02:00,68263.99,3560.12,619.4,0.4916,0.4378,155.22,1.0E-4,1.0E-4,-8.99E-6,1.0E-4,1.0E-4,1.0E-4
2024-06-13T00:00:00.000+02:00,67724.81,3507.53,607.5,0.4884,0.4313,152.09,1.0E-4,1.0E-4,0.0,1.0E-4,1.0E-4,1.0E-4
2024-06-13T16:00:00.000+02:00,66773.01,3469.4,599.8,0.4769,0.421,147.29,1.0E-4,1.0E-4,0.0,1.0E-4,1.0E-4,1.0E-4
2024-06-14T00:00:00.000+02:00,66904.98,3516.61,608.3,0.4782,0.4221,147.62,1.0E-4,1.0E-4,0.0,1.0E-4,1.0E-4,1.0E-4
2024-06-14T08:00:00.000+02:00,66392.0,3462.41,602.6,0.4743,0.4137,143.78,1.0E-4,1.0E-4,0.0,1.0E-4,1.0E-4,8.277E-5
2024-06-14T16:00:00.000+02:00,66043.99,3481.8,603.3,0.4746,0.412,143.05,1.0E-4,1.0E-4,0.0,1.0E-4,1.0E-4,9.897E-5
2024-06-15T00:00:00.000+02:00,66076.99,3529.61,606.8,0.4785,0.4117,143.78,1.0E-4,1.0E-4,0.0,1.0E-4,-2.37E-6,1.0E-4
2024-06-15T08:00:00.000+02:00,66316.02,3565.8,607.3,0.4848,0.412,145.19,1.0E-4,1.0E-4,0.0,1.0E-4,1.0E-4,1.0E-4
2024-06-15T16:00:00.000+02:00,66228.25,3568.74,608.2,0.4908,0.414,145.52,1.0E-4,1.0E-4,0.0,1.0E-4,1.0E-4,1.0E-4
2024-06-16T08:00:00.000+02:00,66712.8,3591.88,610.6,0.491,0.4165,148.53,1.0E-4,1.0E-4,0.0,1.0E-4,1.0E-4,1.0E-4
2024-06-16T16:00:00.000+02:00,66676.87,3624.41,610.8,0.4891,0.4168,151.3,1.0E-4,1.0E-4,0.0,1.0E-4,1.0E-4,3.192E-5
2024-06-17T00:00:00.000+02:00,66172.0,3552.68,603.8,0.4995,0.4104,146.61,1.0E-4,1.0E-4,0.0,1.0E-4,1.0E-4,1.0E-4
2024-06-17T08:00:00.000+02:00,65368.0,3497.26,597.3,0.5094,0.4002,141.23,1.0E-4,1.0E-4,0.0,1.0E-4,1.0E-4,1.0E-4
2024-06-17T16:00:00.000+02:00,66504.33,3511.46,604.3,0.5047,0.4013,143.27,1.0E-4,9.137E-5,0.0,6.718E-5,1.0E-4,7.161E-5
2024-06-18T00:00:00.000+02:00,65672.51,3443.97,593.4,0.5007,0.3795,136.71,1.0E-4,6.649E-5,0.0,1.0E-4,1.0E-4,7.592E-5
2024-06-18T08:00:00.000+02:00,64706.0,3424.01,582.5,0.485,0.3749,136.01,8.236E-5,7.836E-5,0.0,9.104E-5,-8.36E-5,-8.849E-5
2024-06-18T16:00:00.000+02:00,65175.32,3483.42,588.6,0.491,0.3837,137.41,1.0E-4,6.211E-5,0.0,1.0E-4,-1.0972E-4,1.0E-4
2024-06-19T16:00:00.000+02:00,64974.37,3560.51,599.3,0.4933,0.3844,135.62,2.967E-5,6.122E-5,0.0,1.0E-4,1.0E-4,6.996E-5
2024-06-20T00:00:00.000+02:00,65858.84,3607.87,605.5,0.4997,0.3932,137.18,3.934E-5,1.0E-4,0.0,1.0E-4,7.875E-5,7.341E-5
2024-06-20T08:00:00.000+02:00,64831.23,3506.61,596.1,0.4922,0.3816,133.27,5.953E-5,6.409E-5,0.0,-1.133E-5,7.8E-7,1.175E-5
2024-06-20T16:00:00.000+02:00,64869.99,3513.08,587.7,0.4888,0.3844,133.55,6.879E-5,3.148E-5,0.0,1.0E-4,1.0E-4,-2.605E-5
2024-06-21T00:00:00.000+02:00,64201.63,3475.0,583.5,0.4906,0.3865,131.43,3.344E-5,7.46E-6,0.0,2.357E-5,1.514E-5,8.76E-6
2024-06-21T08:00:00.000+02:00,63732.02,3492.78,583.1,0.4857,0.3803,131.4,7.328E-5,2.103E-5,0.0,-4.41E-6,1.0E-4,4.454E-5
2024-06-21T16:00:00.000+02:00,64143.56,3518.5,586.1,0.4889,0.376,134.6,1.0E-4,1.0E-4,0.0,3.481E-5,1.0E-4,4.111E-5
2024-06-22T00:00:00.000+02:00,64520.0,3494.0,587.0,0.4867,0.3763,134.86,1.0E-4,4.564E-5,0.0,4.995E-5,1.0E-4,7.06E-5
2024-06-22T08:00:00.000+02:00,64307.08,3505.43,586.7,0.486,0.3862,134.25,4.146E-5,5.837E-5,0.0,1.0E-4,8.968E-5,-2.362E-5
2024-06-22T16:00:00.000+02:00,64262.01,3495.75,591.1,0.4866,0.3846,133.69,1.0E-4,3.914E-5,0.0,9.94E-5,-6.365E-5,1.0E-4
2024-06-23T00:00:00.000+02:00,64415.27,3512.5,592.2,0.4877,0.3886,134.72,1.0E-4,6.71E-5,0.0,1.0E-4,1.0E-4,7.846E-5
2024-06-23T08:00:00.000+02:00,64094.0,3474.54,585.1,0.4827,0.3867,131.58,2.307E-5,4.594E-5,0.0,9.474E-5,6.413E-5,3.933E-5
2024-06-23T16:00:00.000+02:00,63210.01,3420.91,577.5,0.4797,0.38,128.69,4.676E-5,3.591E-5,0.0,-1.869E-5,1.0E-4,4.131E-5
2024-06-24T08:00:00.000+02:00,60843.99,3280.3,561.5,0.4732,0.3708,126.31,1.0E-4,1.0E-4,0.0,-1.033E-5,7.339E-5,3.318E-5
2024-06-24T16:00:00.000+02:00,60293.3,3352.73,568.1,0.474,0.3777,132.33,7.488E-5,7.41E-5,0.0,1.0E-4,1.0E-4,2.872E-5
2024-06-25T00:00:00.000+02:00,60685.16,3361.0,571.5,0.4762,0.3893,134.82,7.447E-5,1.0E-4,0.0,1.0E-4,1.0E-4,1.182E-5
2024-06-25T08:00:00.000+02:00,61810.0,3419.6,577.6,0.4772,0.3946,139.43,5.949E-5,1.0E-4,0.0,1.0E-4,1.0E-4,-3.228E-5
2024-06-25T16:00:00.000+02:00,61806.01,3394.91,578.2,0.4757,0.3918,136.58,7.752E-5,1.0E-4,0.0,1.0E-4,1.0E-4,8.255E-5
2024-06-26T08:00:00.000+02:00,61467.86,3361.69,572.5,0.4697,0.3883,136.88,1.0E-4,1.0E-4,0.0,7.928E-5,1.0E-4,1.0E-4
2024-06-26T16:00:00.000+02:00,60864.99,3371.44,573.0,0.4698,0.385,136.81,1.0E-4,1.0E-4,0.0,1.0E-4,1.0E-4,1.0E-4
2024-06-27T00:00:00.000+02:00,60794.01,3374.98,569.5,0.4671,0.3787,135.91,1.0E-4,1.0E-4,0.0,1.0E-4,1.0E-4,1.0E-4
2024-06-27T16:00:00.000+02:00,61706.47,3450.44,581.7,0.4753,0.3913,149.71,1.0E-4,1.0E-4,0.0,1.0E-4,1.0E-4,1.0E-4
2024-06-28T00:00:00.000+02:00,61350.01,3431.82,576.2,0.4778,0.3869,145.37,1.0E-4,1.0E-4,0.0,1.0E-4,1.0E-4,1.0E-4
2024-06-28T08:00:00.000+02:00,61062.01,3413.61,572.3,0.4761,0.3919,143.23,1.0E-4,1.0E-4,0.0,1.0E-4,1.0E-4,8.707E-5
2024-06-28T16:00:00.000+02:00,60427.84,3380.15,567.4,0.4716,0.3858,140.03,1.0E-4,1.0E-4,0.0,1.0E-4,1.0E-4,9.286E-5
2024-06-29T08:00:00.000+02:00,61106.0,3394.62,572.6,0.4752,0.3907,142.68,1.0E-4,1.0E-4,0.0,1.0E-4,1.0E-4,1.0E-4
2024-06-29T16:00:00.000+02:00,60986.68,3378.8,570.0,0.4727,0.3841,140.28,1.0E-4,1.0E-4,0.0,1.0E-4,1.0E-4,1.0E-4
2024-06-30T00:00:00.000+02:00,61528.01,3394.03,575.9,0.4747,0.3877,140.64,1.0E-4,1.0E-4,0.0,1.0E-4,-3.582E-5,1.0E-4
2024-06-30T08:00:00.000+02:00,61717.9,3399.8,577.4,0.4736,0.3866,143.83,1.0E-4,1.0E-4,0.0,4.856E-5,4.745E-5,1.0E-4
2024-06-30T16:00:00.000+02:00,62772.01,3438.16,582.2,0.4761,0.3924,146.61,1.0E-4,1.0E-4,0.0,1.0E-4,1.0E-4,1.0E-4
2024-07-01T00:00:00.000+02:00,63277.84,3490.58,584.7,0.48,0.3981,148.3,1.0E-4,1.0E-4,0.0,1.0E-4,8.549E-5,8.734E-5
2024-07-01T08:00:00.000+02:00,63132.9,3474.35,577.7,0.4799,0.4035,148.5,1.0E-4,1.0E-4,1.551E-5,1.0E-4,1.0E-4,5.816E-5
2024-07-02T00:00:00.000+02:00,62629.99,3439.0,578.6,0.4786,0.407,147.43,1.0E-4,1.0E-4,0.0,8.225E-5,1.0E-4,1.0E-4
2024-07-02T08:00:00.000+02:00,61948.08,3415.65,575.6,0.4819,0.4131,148.39,1.0E-4,1.0E-4,3.136E-5,1.0E-4,1.0E-4,7.576E-5
2024-07-02T16:00:00.000+02:00,62135.47,3421.35,580.1,0.4853,0.4184,154.03,1.0E-4,1.0E-4,3.97E-6,1.0E-4,1.0E-4,2.759E-5
2024-07-03T00:00:00.000+02:00,60870.01,3352.2,566.2,0.4827,0.4153,146.4,1.0E-4,1.0E-4,1.2485E-4,1.0E-4,1.0E-4,1.0E-4
2024-07-03T16:00:00.000+02:00,60208.58,3295.48,556.7,0.4672,0.4069,140.84,1.0E-4,1.0E-4,0.0,1.0E-4,1.0E-4,1.0E-4
2024-07-04T00:00:00.000+02:00,58219.99,3182.21,530.1,0.4545,0.3935,134.38,1.0E-4,1.0E-4,0.0,2.872E-5,1.0E-4,1.0E-4
2024-07-04T08:00:00.000+02:00,58140.0,3138.79,525.3,0.4444,0.3864,135.4,1.0E-4,1.0E-4,0.0,6.02E-5,1.0E-4,8.877E-5
2024-07-04T16:00:00.000+02:00,57050.01,3059.7,513.6,0.4329,0.3623,127.86,1.0E-4,1.0E-4,0.0,1.0E-4,1.0E-4,4.97E-5
2024-07-05T00:00:00.000+02:00,54415.05,2882.21,472.7,0.4049,0.3311,126.72,1.0E-4,1.0E-4,0.0,-3.882E-5,-1.67E-6,-9.47E-6
2024-07-05T08:00:00.000+02:00,56662.0,2990.99,495.5,0.4245,0.3535,134.93,1.0E-4,9.55E-5,0.0,-7.319E-5,-1.2072E-4,5.21E-5
2024-07-05T16:00:00.000+02:00,56628.79,2981.78,497.7,0.4251,0.3501,134.32,1.762E-5,4.923E-5,0.0,-6.99E-5,-1.0594E-4,-1.139E-4
2024-07-06T00:00:00.000+02:00,56606.0,3004.69,508.1,0.4329,0.3534,136.94,5.729E-5,9.007E-5,0.0,6.497E-5,1.0E-4,7.35E-5
2024-07-06T08:00:00.000+02:00,57317.98,3020.0,518.5,0.4383,0.3598,141.88,7.512E-5,6.597E-5,0.0,7.794E-5,-4.113E-5,4.265E-5
2024-07-06T16:00:00.000+02:00,58230.13,3066.83,526.0,0.4488,0.3707,143.05,3.25E-5,5.847E-5,0.0,2.97E-5,-1.627E-4,-1.2992E-4
2024-07-07T08:00:00.000+02:00,56825.42,2970.99,498.4,0.4272,0.3561,137.07,1.0E-4,8.938E-5,0.0,1.0E-4,6.509E-5,1.0E-4
2024-07-07T16:00:00.000+02:00,55857.81,2931.0,490.7,0.4195,0.3466,131.64,1.0E-4,5.389E-5,0.0,-3.164E-5,6.941E-5,1.0E-4
2024-07-08T00:00:00.000+02:00,55852.01,2927.0,501.8,0.4227,0.3509,132.59,7.905E-5,1.0E-4,0.0,2.344E-5,9.518E-5,1.0E-4
2024-07-08T08:00:00.000+02:00,55761.52,2969.21,501.3,0.424,0.3608,137.43,8.222E-5,3.423E-5,0.0,-8.431E-5,-9.58E-5,-5.629E-5
2024-07-08T16:00:00.000+02:00,56714.62,3019.01,510.6,0.4316,0.3691,139.81,1.0E-4,9.357E-5,0.0,1.0E-4,1.0E-4,1.0E-4
2024-07-09T00:00:00.000+02:00,57116.84,3061.93,512.5,0.4345,0.3715,142.12,1.0E-4,5.681E-5,0.0,1.0E-4,8.634E-5,1.0E-4
2024-07-09T16:00:00.000+02:00,58050.0,3066.65,516.9,0.4356,0.3754,141.42,1.0E-4,7.754E-5,0.0,1.0E-4,1.0E-4,4.22E-5
2024-07-10T00:00:00.000+02:00,58977.99,3097.08,522.4,0.4399,0.3823,144.17,1.0E-4,3.746E-5,0.0,4.68E-5,1.0E-4,8.78E-5
2024-07-10T08:00:00.000+02:00,57699.69,3122.76,525.0,0.4331,0.3851,141.18,9.225E-5,1.713E-5,0.0,1.0E-4,1.0E-4,8.961E-5
2024-07-10T16:00:00.000+02:00,57725.85,3101.05,524.7,0.4388,0.3885,141.98,5.485E-5,1.0E-4,0.0,1.0E-4,1.0E-4,7.406E-5
2024-07-12T00:00:00.000+02:00,57106.94,3072.3,521.2,0.4627,0.3988,135.41,6.378E-5,1.0E-4,0.0,1.0E-4,1.0E-4,1.0E-4
2024-07-12T08:00:00.000+02:00,58214.0,3131.34,532.4,0.4614,0.4089,138.85,3.026E-5,4.73E-5,0.0,5.644E-5,1.0E-4,4.566E-5
2024-07-12T16:00:00.000+02:00,57889.1,3133.88,533.8,0.4745,0.4165,139.46,4.037E-5,7.154E-5,0.0,1.0E-4,1.0E-4,-1.079E-5
2024-07-13T00:00:00.000+02:00,58170.32,3140.21,536.1,0.5154,0.4245,139.38,8.319E-5,1.0E-4,0.0,-4.793E-5,1.0E-4,1.668E-5
2024-07-13T08:00:00.000+02:00,58830.63,3154.87,532.0,0.5364,0.4339,140.37,6.865E-5,1.0E-4,0.0,4.708E-5,1.0E-4,8.326E-5
2024-07-13T16:00:00.000+02:00,59204.02,3175.93,532.4,0.5257,0.4416,141.9,1.0E-4,7.584E-5,0.0,1.0E-4,4.85E-5,4.063E-5
2024-07-14T00:00:00.000+02:00,60062.01,3195.4,537.6,0.5264,0.4307,144.77,8.737E-5,1.0E-4,0.0,1.0E-4,1.0E-4,8.116E-5
2024-07-14T08:00:00.000+02:00,60084.0,3190.48,536.3,0.5272,0.4302,145.9,3.71E-5,6.352E-5,0.0,8.455E-5,1.0E-4,4.07E-5
2024-07-14T16:00:00.000+02:00,60797.91,3245.08,544.8,0.5205,0.4317,147.66,8.342E-5,3.194E-5,0.0,1.0E-4,1.0E-4,2.006E-5
2024-07-15T00:00:00.000+02:00,62840.12,3355.95,559.1,0.5306,0.438,153.23,4.59E-5,9.653E-5,0.0,1.0E-4,8.17E-5,-1.038E-5
2024-07-15T08:00:00.000+02:00,63026.0,3367.83,573.8,0.5238,0.435,152.94,3.202E-5,4.043E-5,0.0,1.0E-4,-4.578E-5,2.402E-5
2024-07-15T16:00:00.000+02:00,64724.14,3483.39,585.3,0.5372,0.4449,159.38,-5.14E-6,4.69E-5,0.0,-1.048E-5,2.051E-5,3.81E-5
2024-07-16T00:00:00.000+02:00,62895.01,3376.8,562.3,0.5404,0.4308,154.49,-5.062E-5,2.643E-5,0.0,1.0E-4,1.0E-4,-3.759E-5
2024-07-16T08:00:00.000+02:00,64878.24,3476.25,577.0,0.5846,0.4471,160.98,8.814E-5,9.799E-5,0.0,4.064E-5,1.0E-4,1.0E-4
2024-07-16T16:00:00.000+02:00,65043.99,3444.13,576.2,0.5793,0.4381,160.62,2.717E-5,6.395E-5,0.0,1.0E-4,9.402E-5,7.774E-5
2024-07-17T00:00:00.000+02:00,65258.0,3486.22,579.9,0.6092,0.4485,160.6,-3.419E-5,5.824E-5,0.0,1.0E-4,1.0E-4,1.0E-4
2024-07-17T16:00:00.000+02:00,64087.99,3387.05,568.9,0.626,0.4359,155.5,2.143E-5,6.113E-5,0.0,7.207E-5,1.0E-4,1.0E-4
2024-07-18T00:00:00.000+02:00,64668.0,3433.0,572.3,0.58,0.4419,158.66,6.89E-6,1.0E-4,0.0,1.0E-4,6.408E-5,6.464E-5
2024-07-18T08:00:00.000+02:00,63538.12,3389.28,565.5,0.5629,0.4258,156.37,1.546E-5,6.727E-5,0.0,1.0E-4,7.376E-5,8.411E-5
2024-07-18T16:00:00.000+02:00,63987.92,3426.5,571.9,0.5697,0.4234,159.22,3.127E-5,3.237E-5,0.0,1.0E-4,1.0E-4,1.0E-4
2024-07-19T00:00:00.000+02:00,63694.01,3391.59,568.6,0.5494,0.4218,161.42,4.029E-5,4.387E-5,0.0,1.0E-4,4.329E-5,7.366E-5
2024-07-19T08:00:00.000+02:00,65836.77,3465.0,591.5,0.5628,0.4315,168.8,4.855E-5,8.153E-5,0.0,8.136E-5,1.0E-4,1.0E-4
2024-07-19T16:00:00.000+02:00,66660.0,3503.53,593.4,0.5733,0.439,169.13,4.606E-5,1.0E-4,0.0,5.02E-6,1.0E-4,5.128E-5
2024-07-20T08:00:00.000+02:00,66825.0,3503.72,595.2,0.5915,0.4341,169.28,1.944E-5,8.573E-5,0.0,8.615E-5,1.0E-4,2.379E-5
2024-07-20T16:00:00.000+02:00,67139.96,3517.5,593.1,0.5937,0.4373,173.6,1.622E-5,2.468E-5,0.0,1.0E-4,7.646E-5,3.05E-6
2024-07-21T00:00:00.000+02:00,66701.99,3485.01,592.5,0.5892,0.4302,171.33,-5.313E-5,1.0E-4,0.0,1.0E-4,1.0E-4,1.0E-4
2024-07-21T08:00:00.000+02:00,67164.0,3499.95,599.1,0.588,0.4301,175.4,2.194E-5,1.524E-5,0.0,1.0E-4,1.0E-4,1.0E-4
2024-07-21T16:00:00.000+02:00,68165.34,3535.92,602.5,0.5984,0.4469,184.49,6.46E-6,6.721E-5,0.0,3.873E-5,4.87E-5,5.463E-5
2024-07-22T00:00:00.000+02:00,67236.0,3478.89,594.1,0.598,0.4341,178.39,9.136E-5,9.867E-5,0.0,1.0E-4,2.73E-5,1.0E-4
2024-07-22T08:00:00.000+02:00,67063.87,3457.15,592.2,0.6104,0.4298,179.88,5.953E-5,7.749E-5,0.0,1.0E-4,1.939E-5,1.0E-4
2024-07-22T16:00:00.000+02:00,67532.01,3439.6,587.2,0.608,0.4262,178.9,2.769E-5,2.82E-5,0.0,1.0E-4,1.0E-4,7.105E-5
2024-07-23T00:00:00.000+02:00,66576.0,3454.84,579.7,0.6,0.4196,176.06,4.709E-5,7.792E-5,0.0,1.0E-4,-7.998E-5,1.0E-4
2024-07-23T08:00:00.000+02:00,66584.01,3454.38,585.3,0.6003,0.4159,176.49,4.31E-5,1.0E-4,0.0,1.0E-4,-3.898E-5,1.0E-4
2024-07-23T16:00:00.000+02:00,65936.01,3482.51,581.9,0.5975,0.41,173.03,4.642E-5,9.013E-5,0.0,6.85E-5,8.156E-5,1.0E-4
2024-07-24T00:00:00.000+02:00,66078.0,3446.69,585.9,0.6031,0.4195,174.25,1.0E-4,7.865E-5,0.0,1.0E-4,1.722E-5,4.584E-5
2024-07-24T08:00:00.000+02:00,66176.0,3414.87,583.0,0.6239,0.4121,177.76,1.0E-4,8.396E-5,0.0,1.0E-4,8.986E-5,1.0E-4
2024-07-24T16:00:00.000+02:00,65376.0,3335.81,574.9,0.6179,0.4063,178.06,1.0E-4,6.706E-5,0.0,1.0E-4,1.0E-4,7.12E-5
2024-07-25T00:00:00.000+02:00,64134.0,3171.84,561.9,0.6092,0.3965,169.4,1.0E-4,9.46E-5,0.0,3.869E-5,1.0E-4,8.091E-5
2024-07-25T08:00:00.000+02:00,64790.88,3142.28,565.0,0.6176,0.3931,170.43,1.0E-4,2.04E-6,0.0,2.644E-5,9.053E-5,9.813E-5
2024-07-25T16:00:00.000+02:00,65799.95,3175.48,570.6,0.5996,0.3948,171.85,1.0E-4,3.72E-5,0.0,1.0E-4,1.0E-4,7.841E-5
2024-07-26T00:00:00.000+02:00,66890.56,3251.0,579.5,0.5983,0.4127,176.75,1.0E-4,3.903E-5,0.0,4.81E-6,5.027E-5,7.483E-5
2024-07-26T08:00:00.000+02:00,67560.01,3255.02,578.5,0.5923,0.4147,181.53,1.0E-4,4.196E-5,0.0,1.78E-5,1.0E-4,3.235E-5
2024-07-26T16:00:00.000+02:00,67907.99,3274.61,580.9,0.6034,0.4172,183.06,3.34E-5,4.001E-5,0.0,-9.915E-5,1.0E-4,6.143E-5
2024-07-27T00:00:00.000+02:00,68036.68,3272.31,587.2,0.6008,0.4166,185.84,6.547E-5,3.05E-5,0.0,1.0E-4,9.488E-5,4.76E-5
2024-07-27T08:00:00.000+02:00,68844.0,3280.97,585.6,0.5986,0.4227,182.52,8.022E-5,7.422E-5,0.0,1.0E-4,1.0E-4,3.411E-5
2024-07-27T16:00:00.000+02:00,67896.5,3249.01,581.6,0.5956,0.4176,183.92,9.109E-5,1.78E-5,0.0,1.0E-4,1.0E-4,8.705E-5
2024-07-28T00:00:00.000+02:00,67560.86,3227.69,578.7,0.6044,0.4115,183.84,8.18E-5,1.0E-4,0.0,1.0E-4,1.0E-4,1.0E-4
2024-07-28T08:00:00.000+02:00,67645.0,3268.61,580.3,0.6039,0.4078,184.11,9.177E-5,1.0E-4,0.0,1.0E-4,1.0E-4,1.0E-4
2024-07-29T08:00:00.000+02:00,68104.0,3308.67,582.8,0.5991,0.4095,186.95,5.623E-5,1.0E-4,1.232E-5,1.0E-4,1.0E-4,1.0E-4
2024-07-30T00:00:00.000+02:00,66952.0,3340.9,574.6,0.5999,0.4034,182.39,3.396E-5,1.0E-4,0.0,1.0E-4,7.968E-5,7.783E-5
2024-07-30T16:00:00.000+02:00,66188.0,3279.21,588.2,0.6277,0.4015,179.16,7.691E-5,1.0E-4,0.0,1.0E-4,5.76E-6,1.0E-4
2024-07-31T00:00:00.000+02:00,66224.0,3317.5,586.1,0.6465,0.4015,183.13,3.063E-5,1.0E-4,0.0,1.0E-4,5.242E-5,3.184E-5
2024-07-31T08:00:00.000+02:00,66379.99,3302.36,586.6,0.6518,0.4022,180.08,7.178E-5,1.0E-4,2.973E-5,9.958E-5,1.0E-4,7.743E-5
2024-07-31T16:00:00.000+02:00,64628.0,3232.74,576.5,0.623,0.3882,171.71,3.826E-5,1.0E-4,6.57E-6,1.0E-4,1.5E-5,8.931E-5
2024-08-01T00:00:00.000+02:00,64328.59,3166.81,568.9,0.6088,0.3853,168.23,8.208E-5,1.0E-4,2.4E-7,1.0E-4,-1.452E-5,9.291E-5
2024-08-01T08:00:00.000+02:00,62906.6,3117.18,558.9,0.5856,0.3783,162.67,1.0E-4,5.973E-5,0.0,1.46E-6,-4.627E-5,1.0E-4
2024-08-01T16:00:00.000+02:00,65354.02,3203.4,575.1,0.5964,0.3925,167.37,1.0E-4,1.0E-4,1.797E-5,7.562E-5,4.482E-5,1.0E-4
2024-08-02T00:00:00.000+02:00,64164.07,3147.42,570.7,0.5729,0.384,161.44,1.0E-4,7.641E-5,0.0,-6.64E-5,8.968E-5,3.639E-5
2024-08-02T16:00:00.000+02:00,61498.33,2989.61,542.9,0.5607,0.3636,152.77,1.0E-4,3.785E-5,0.0,7.354E-5,-1.785E-5,1.0E-4
2024-08-03T00:00:00.000+02:00,61662.01,2983.9,540.7,0.5758,0.3696,151.64,1.0E-4,8.493E-5,0.0,1.0E-4,5.57E-5,9.802E-5
2024-08-03T08:00:00.000+02:00,60879.0,2942.4,532.0,0.5566,0.3598,146.2,9.788E-5,2.92E-5,0.0,-7.759E-5,1.704E-5,1.0E-4
2024-08-04T00:00:00.000+02:00,60373.99,2893.24,523.9,0.5478,0.3576,140.82,1.0E-4,4.181E-5,0.0,-1.823E-5,2.88E-5,-1.748E-5
2024-08-04T08:00:00.000+02:00,59086.01,2826.98,501.9,0.5286,0.3475,135.19,5.343E-5,1.635E-5,0.0,3.565E-5,6.968E-5,8.871E-5
2024-08-04T16:00:00.000+02:00,58161.0,2688.92,496.9,0.5228,0.3442,138.33,1.0E-4,6.815E-5,0.0,-4.134E-5,-8.2E-7,4.224E-5
2024-08-05T00:00:00.000+02:00,52674.19,2357.55,439.4,0.4694,0.3077,122.9,1.0E-4,-1.7E-5,0.0,7.157E-5,7.524E-5,6.211E-5
2024-08-05T08:00:00.000+02:00,54321.09,2450.8,462.3,0.4888,0.3195,130.44,4.429E-5,-4.58E-6,0.0,-6.109E-5,-8.27E-5,-7.57E-6
2024-08-05T16:00:00.000+02:00,54018.81,2419.59,464.2,0.4889,0.3119,129.78,5.967E-5,-5.766E-5,0.0,-2.644E-5,2.522E-5,4.63E-6
2024-08-06T00:00:00.000+02:00,55999.99,2523.41,492.2,0.5167,0.3337,141.98,3.566E-5,-2.276E-5,0.0,2.478E-5,3.648E-5,8.019E-5
2024-08-06T08:00:00.000+02:00,56405.99,2527.6,487.9,0.5111,0.3329,145.9,-2.845E-5,-1.0667E-4,-1.0267E-4,-6.729E-5,-7.25E-5,-5.258E-5
2024-08-06T16:00:00.000+02:00,56022.01,2461.33,484.8,0.5062,0.331,144.4,4.485E-5,-1.11E-5,0.0,6.652E-5,6.02E-6,-3.23E-6
2024-08-07T00:00:00.000+02:00,56920.91,2510.72,491.9,0.513,0.334,152.46,-7.3E-6,-4.25E-5,0.0,4.577E-5,4.682E-5,2.337E-5
2024-08-07T16:00:00.000+02:00,55134.16,2342.8,475.0,0.6002,0.3241,144.77,3.241E-5,-4.478E-5,0.0,-2.816E-5,5.274E-5,1.745E-5
2024-08-08T08:00:00.000+02:00,59428.03,2507.2,499.1,0.6128,0.3397,160.6,3.086E-5,-1.083E-5,0.0,7.266E-5,5.089E-5,2.523E-5
2024-08-08T16:00:00.000+02:00,61685.99,2682.5,517.1,0.6166,0.3516,163.13,1.147E-5,-3.437E-5,0.0,5.545E-5,4.85E-5,-2.941E-5
2024-08-09T00:00:00.000+02:00,60863.57,2670.21,509.4,0.603,0.3474,157.92,4.994E-5,1.139E-5,0.0,7.762E-5,-2.084E-5,3.148E-5
2024-08-09T08:00:00.000+02:00,59810.23,2557.82,501.7,0.5731,0.3407,151.13,2.184E-5,4.212E-5,0.0,1.0E-4,2.579E-5,1.575E-5
2024-08-09T16:00:00.000+02:00,60837.99,2598.78,508.7,0.5805,0.3483,156.28,4.846E-5,-2.753E-5,0.0,4.647E-5,-4.81E-5,2.642E-5
2024-08-10T00:00:00.000+02:00,60842.0,2634.27,511.9,0.5866,0.3469,155.43,-3.942E-5,-4.249E-5,0.0,-6.555E-5,5.667E-5,-6.621E-5
2024-08-10T08:00:00.000+02:00,60515.89,2599.49,514.4,0.5974,0.3457,153.96,-1.379E-5,3.504E-5,0.0,1.486E-5,1.0E-4,4.285E-5
2024-08-10T16:00:00.000+02:00,60923.51,2609.92,523.1,0.5841,0.3457,154.01,-1.949E-5,1.614E-5,0.0,1.59E-6,1.942E-5,5.146E-5
2024-08-11T00:00:00.000+02:00,61257.0,2677.79,533.6,0.5914,0.3527,156.69,4.049E-5,-8.82E-6,0.0,5.962E-5,7.22E-6,-3.889E-5
2024-08-11T08:00:00.000+02:00,60127.29,2614.07,520.2,0.5667,0.3404,148.73,-1.839E-5,9.73E-6,0.0,1.0E-4,-1.952E-5,-1.62E-5
2024-08-12T00:00:00.000+02:00,58674.61,2567.27,509.4,0.5679,0.3348,145.94,1.113E-5,1.047E-5,0.0,2.828E-5,1.561E-5,9.903E-5
2024-08-12T08:00:00.000+02:00,60207.37,2689.2,519.6,0.5714,0.3409,147.58,8.783E-5,6.766E-5,0.0,-1.064E-5,-2.211E-5,6.88E-6
2024-08-12T16:00:00.000+02:00,59346.64,2722.3,518.2,0.5684,0.339,146.29,-2.238E-5,6.424E-5,0.0,9.573E-5,2.772E-5,-9.32E-6
2024-08-13T00:00:00.000+02:00,59238.05,2648.94,523.2,0.5731,0.3373,145.99,6.14E-5,7.892E-5,0.0,6.651E-5,3.071E-5,-6.2E-6
2024-08-13T08:00:00.000+02:00,59472.26,2652.0,517.3,0.574,0.3367,146.08,5.21E-6,-6.036E-5,0.0,1.571E-5,-2.74E-6,5.492E-5
2024-08-13T16:00:00.000+02:00,60587.15,2702.44,524.2,0.577,0.34,146.65,-3.902E-5,-4.532E-5,0.0,3.334E-5,2.82E-6,8.364E-5
2024-08-14T00:00:00.000+02:00,60914.02,2727.57,526.5,0.5765,0.339,145.73,1.152E-5,5.55E-6,0.0,5.899E-5,7.633E-5,-1.0E-7
2024-08-14T08:00:00.000+02:00,59435.69,2674.21,525.2,0.5739,0.3377,146.7,-1.33E-5,3.166E-5,0.0,6.911E-5,-8.096E-5,2.644E-5
2024-08-14T16:00:00.000+02:00,58683.39,2661.45,523.4,0.5687,0.3352,143.71,-7.811E-5,-3.462E-5,0.0,1.227E-5,-1.132E-5,8.21E-6
2024-08-15T00:00:00.000+02:00,58060.37,2615.16,517.3,0.5661,0.3365,142.51,-8.488E-5,5.044E-5,0.0,6.615E-5,-3.511E-5,5.88E-6
2024-08-15T08:00:00.000+02:00,59682.84,2668.4,531.0,0.5714,0.3383,145.95,6.339E-5,7.775E-5,0.0,7.997E-5,3.396E-5,4.403E-5
2024-08-15T16:00:00.000+02:00,57541.06,2569.89,519.2,0.5607,0.3248,142.58,-6.181E-5,6.62E-6,0.0,6.3E-5,8.26E-6,-2.764E-5
2024-08-16T00:00:00.000+02:00,58456.99,2617.45,523.9,0.5676,0.3349,144.53,-1.1235E-4,-1.182E-5,0.0,-4.909E-5,-1.8201E-4,-6.592E-5
2024-08-16T08:00:00.000+02:00,58071.06,2568.97,514.8,0.558,0.3242,137.91,-7.387E-5,2.105E-5,0.0,8.323E-5,-5.345E-5,2.572E-5
2024-08-16T16:00:00.000+02:00,58874.6,2592.73,519.7,0.5638,0.3301,139.04,-5.57E-6,3.363E-5,-6.462E-5,7.215E-5,-5.96E-5,-3.407E-5
2024-08-17T00:00:00.000+02:00,59248.0,2600.24,523.2,0.5647,0.3299,139.45,1.912E-5,2.448E-5,-1.124E-5,1.0E-4,7.398E-5,2.001E-5
2024-08-17T08:00:00.000+02:00,59388.11,2606.78,534.4,0.5668,0.3354,140.18,4.177E-5,-2.485E-5,0.0,1.022E-5,-5.701E-5,-1.28E-5
2024-08-17T16:00:00.000+02:00,59491.99,2614.51,541.6,0.5665,0.3373,141.93,-1.52E-6,-3.471E-5,0.0,2.736E-5,3.124E-5,-7.03E-6
2024-08-18T00:00:00.000+02:00,59573.39,2608.06,540.3,0.5651,0.3349,141.55,3.966E-5,7.82E-6,0.0,3.73E-5,1.0E-4,4.55E-6
2024-08-18T08:00:00.000+02:00,59863.99,2672.2,538.9,0.5735,0.3387,145.8,-1.323E-5,-4.706E-5,0.0,9.645E-5,9.506E-5,-2.019E-5
2024-08-18T16:00:00.000+02:00,58427.35,2612.15,531.2,0.5631,0.3342,142.42,-3.149E-5,-1.42E-6,0.0,-4.97E-5,9.838E-5,-1.0289E-4
2024-08-19T00:00:00.000+02:00,58502.19,2614.31,533.7,0.5737,0.3308,142.3,-3.616E-5,-3.66E-5,0.0,4.95E-5,3.07E-5,1.862E-5
2024-08-19T08:00:00.000+02:00,58539.24,2584.53,543.5,0.5794,0.3327,143.86,-6.75E-5,8.59E-6,0.0,1.061E-5,3.085E-5,-9.28E-6
2024-08-20T00:00:00.000+02:00,60924.33,2674.81,569.0,0.6069,0.3441,147.47,-2.656E-5,9.69E-6,0.0,8.115E-5,6.275E-5,3.839E-5
2024-08-20T08:00:00.000+02:00,58825.53,2574.99,561.5,0.5897,0.3392,142.16,1.349E-5,1.977E-5,0.0,5.315E-5,1.0E-4,-2.96E-5
2024-08-21T08:00:00.000+02:00,59511.8,2601.89,554.6,0.5923,0.3577,140.36,-5.91E-6,2.306E-5,0.0,3.839E-5,1.451E-5,8.62E-6
2024-08-22T00:00:00.000+02:00,60984.31,2636.29,576.7,0.6016,0.3661,143.33,-2.229E-5,-9.46E-6,-8.055E-5,4.083E-5,1.0E-4,6.11E-6
2024-08-22T08:00:00.000+02:00,60407.4,2599.4,579.8,0.5955,0.3697,142.63,1.338E-5,3.544E-5,0.0,7.355E-5,1.0E-4,6.844E-5
2024-08-23T00:00:00.000+02:00,61069.27,2669.23,579.7,0.5994,0.3824,145.15,-3.329E-5,6.601E-5,-2.0609E-4,-4.36E-6,8.042E-5,4.556E-5
2024-08-23T08:00:00.000+02:00,61533.05,2671.09,580.8,0.5992,0.3828,144.4,2.391E-5,6.071E-5,-1.6127E-4,9.305E-5,7.008E-5,4.05E-5
2024-08-23T16:00:00.000+02:00,64037.24,2762.48,591.7,0.6109,0.3912,153.26,-4.317E-5,-1.72E-6,-2.5172E-4,3.996E-5,9.033E-5,-4.648E-5
2024-08-24T00:00:00.000+02:00,64315.0,2758.48,579.0,0.6086,0.389,154.61,-7.72E-6,-1.504E-5,-3.3776E-4,-1.826E-5,4.232E-5,7.101E-5
2024-08-24T16:00:00.000+02:00,64157.01,2768.0,580.5,0.6127,0.3935,160.67,6.395E-5,5.81E-6,-2.5018E-4,1.0E-4,1.0E-4,6.232E-5
2024-08-25T00:00:00.000+02:00,63868.26,2743.4,571.3,0.599,0.379,156.12,-4.806E-5,-3.389E-5,-1.7985E-4,9.003E-5,1.0E-4,9.763E-5
2024-08-25T08:00:00.000+02:00,64132.16,2763.81,575.1,0.6026,0.3876,159.35,-1.531E-5,3.311E-5,-1.8285E-4,-8.614E-5,7.646E-5,1.0E-4
2024-08-25T16:00:00.000+02:00,64220.0,2746.13,573.9,0.6,0.3849,158.92,3.108E-5,2.579E-5,0.0,-1.958E-5,6.588E-5,-1.338E-5
2024-08-26T00:00:00.000+02:00,63627.01,2733.13,562.0,0.5951,0.3772,159.11,2.439E-5,2.145E-5,-6.6E-7,-1.4309E-4,3.868E-5,1.048E-5
2024-08-26T16:00:00.000+02:00,62834.0,2680.49,548.2,0.5874,0.3661,157.12,3.789E-5,6.339E-5,0.0,5.817E-5,8.399E-5,2.054E-5
2024-08-27T08:00:00.000+02:00,61709.13,2579.3,552.2,0.594,0.3626,153.75,1.751E-5,5.093E-5,0.0,1.307E-5,-1.07E-6,4.402E-5
2024-08-27T16:00:00.000+02:00,59415.0,2457.33,533.3,0.5666,0.3503,146.79,7.753E-5,7.429E-5,0.0,1.0E-4,1.0E-4,5.909E-5
2024-08-28T00:00:00.000+02:00,58600.98,2437.02,532.7,0.5695,0.3468,143.97,-6.803E-5,-6.098E-5,0.0,-3.905E-5,-2.981E-5,-1.779E-5
2024-08-28T08:00:00.000+02:00,59000.0,2496.05,533.4,0.5688,0.3514,144.11,2.433E-5,-7.62E-6,0.0,-1.7728E-4,1.464E-5,1.753E-5
2024-08-29T00:00:00.000+02:00,59583.88,2547.53,541.2,0.5744,0.3582,144.66,-9.76E-6,1.16E-5,0.0,7.166E-5,3.968E-5,-1.723E-5
2024-08-29T16:00:00.000+02:00,59359.01,2527.61,536.4,0.5619,0.3578,140.0,5.59E-6,-4.09E-6,0.0,5.353E-5,3.8E-5,-9.711E-5
2024-08-30T00:00:00.000+02:00,59271.1,2517.41,533.2,0.5644,0.3555,139.02,9.36E-6,5.49E-5,0.0,-2.38E-5,1.0E-4,-3.891E-5
2024-08-30T08:00:00.000+02:00,58094.99,2448.75,523.9,0.5485,0.34,133.32,3.578E-5,3.483E-5,0.0,3.797E-5,1.0E-4,3.115E-5
2024-08-30T16:00:00.000+02:00,59123.99,2526.0,535.2,0.5667,0.3469,137.99,2.927E-5,1.032E-5,0.0,4.92E-6,5.081E-5,-5.69E-5
2024-08-31T00:00:00.000+02:00,59095.0,2521.01,535.6,0.5665,0.3478,137.59,-1.749E-5,7.976E-5,0.0,6.633E-5,7.888E-5,-6.239E-5
2024-08-31T08:00:00.000+02:00,59006.54,2519.19,535.8,0.5664,0.3492,136.63,3.578E-5,7.237E-5,0.0,1.0E-4,1.448E-5,4.9E-5
2024-08-31T16:00:00.000+02:00,58973.99,2513.01,532.9,0.5662,0.345,135.35,3.8E-5,7.811E-5,0.0,1.0E-4,6.536E-5,1.853E-5
2024-09-01T00:00:00.000+02:00,58478.64,2486.82,522.3,0.5591,0.3446,132.81,4.113E-5,4.499E-5,0.0,1.0E-4,9.483E-5,-9.59E-6
2024-09-01T16:00:00.000+02:00,57301.86,2425.72,512.4,0.5472,0.3311,128.5,-3.82E-6,4.183E-5,-5.365E-5,3.04E-5,2.464E-5,-2.877E-5
2024-09-02T16:00:00.000+02:00,59132.13,2538.01,526.3,0.5677,0.3362,134.94,-3.63E-6,7.064E-5,0.0,7.233E-5,-2.371E-5,-5.556E-5
2024-09-03T00:00:00.000+02:00,59112.0,2519.55,535.0,0.5692,0.3334,134.6,6.245E-5,5.67E-5,0.0,4.862E-5,-2.781E-5,-8.288E-5
2024-09-03T16:00:00.000+02:00,57487.73,2425.29,518.7,0.5572,0.3185,127.54,4.598E-5,5.216E-5,0.0,8.626E-5,-1.1363E-4,5.362E-5
2024-09-04T00:00:00.000+02:00,56746.0,2401.52,510.2,0.5545,0.3212,130.3,2.209E-5,8.054E-5,0.0,8.664E-5,-1.986E-5,8.904E-5
2024-09-04T08:00:00.000+02:00,58134.0,2455.4,508.9,0.5621,0.326,133.83,1.05E-5,-1.109E-5,0.0,4.057E-5,1.895E-5,-1.3E-5
2024-09-04T16:00:00.000+02:00,57970.9,2450.71,507.6,0.5579,0.3231,133.64,-1.47E-5,5.833E-5,0.0,3.38E-5,2.584E-5,3.561E-5
2024-09-05T00:00:00.000+02:00,57155.1,2412.4,506.7,0.5535,0.324,133.1,9.016E-5,4.539E-5,0.0,-4.66E-6,-1.069E-5,6.659E-5
2024-09-05T08:00:00.000+02:00,55976.01,2371.43,501.3,0.546,0.3258,130.61,2.025E-5,2.41E-5,0.0,-1.701E-5,8.25E-5,5.123E-5
2024-09-06T00:00:00.000+02:00,55804.29,2344.45,501.4,0.5351,0.3199,128.09,2.28E-5,3.662E-5,0.0,9.65E-6,1.0E-4,5.678E-5
2024-09-06T16:00:00.000+02:00,53962.97,2225.23,487.2,0.5211,0.3148,125.05,1.428E-5,4.007E-5,0.0,4.93E-6,2.82E-5,-1.324E-5
2024-09-07T00:00:00.000+02:00,54286.0,2288.11,495.4,0.5297,0.3235,127.62,-5.57E-6,2.41E-6,0.0,-1.307E-4,-7.491E-5,-2.225E-5
2024-09-07T08:00:00.000+02:00,54780.0,2300.49,497.9,0.5315,0.3243,128.84,-7.634E-5,-5.37E-6,0.0,-3.715E-5,4.154E-5,-2.317E-5
2024-09-07T16:00:00.000+02:00,54160.86,2273.58,493.5,0.5248,0.3253,127.71,-7.236E-5,2.652E-5,0.0,9.17E-6,3.388E-5,5.99E-6
2024-09-08T00:00:00.000+02:00,54436.25,2294.94,502.9,0.5294,0.3346,129.59,3.745E-5,5.363E-5,0.0,6.484E-5,1.0E-4,8.148E-5
2024-09-08T08:00:00.000+02:00,53687.0,2245.74,491.7,0.5224,0.3321,126.74,-5.999E-5,3.089E-5,0.0,7.221E-5,8.952E-5,6.264E-5
2024-09-08T16:00:00.000+02:00,54869.95,2297.3,503.1,0.5295,0.339,130.15,-5.245E-5,1.827E-5,0.0,3.107E-5,8.211E-5,6.412E-5
2024-09-09T00:00:00.000+02:00,54974.01,2314.33,507.0,0.531,0.342,129.31,-7.585E-5,7.67E-6,0.0,1.686E-5,5.84E-5,3.966E-5
2024-09-09T08:00:00.000+02:00,55386.0,2292.55,506.1,0.5294,0.3417,128.41,-7.108E-5,3.085E-5,0.0,4.572E-5,1.0E-4,-5.564E-5
2024-09-10T00:00:00.000+02:00,57218.57,2363.51,520.2,0.5391,0.3423,134.96,-6.028E-5,1.082E-5,3.94E-6,6.767E-5,1.0E-4,9.587E-5
2024-09-10T08:00:00.000+02:00,56596.0,2325.01,514.2,0.5361,0.3412,134.14,-2.93E-5,-3.453E-5,0.0,-1.963E-5,7.988E-5,-1.672E-5
2024-09-10T16:00:00.000+02:00,57635.99,2388.52,517.0,0.5408,0.3431,135.63,-1.126E-5,2.28E-6,0.0,3.57E-5,1.0E-4,2.349E-5
2024-09-11T00:00:00.000+02:00,56712.0,2341.66,514.1,0.5336,0.3399,132.45,-8.953E-5,2.484E-5,0.0,5.088E-5,1.0E-4,-6.617E-5
2024-09-11T08:00:00.000+02:00,56701.23,2325.9,518.0,0.5321,0.3376,131.17,-2.247E-5,1.804E-5,0.0,1.913E-5,8.091E-5,-1.813E-5
2024-09-11T16:00:00.000+02:00,57338.0,2340.55,530.1,0.5348,0.3532,132.42,-5.212E-5,-1.796E-5,0.0,9.14E-6,3.813E-5,-2.041E-5
2024-09-12T00:00:00.000+02:00,58138.16,2359.59,541.9,0.5383,0.3562,134.9,-1.951E-5,2.592E-5,0.0,7.149E-5,4.783E-5,-2.81E-5
2024-09-12T08:00:00.000+02:00,57512.03,2323.2,535.4,0.5577,0.3557,133.56,-5.46E-6,2.496E-5,0.0,-1.027E-5,7.935E-5,-8.6E-6
2024-09-12T16:00:00.000+02:00,58132.32,2361.76,544.5,0.5626,0.3564,136.05,-2.95E-5,1.134E-5,0.0,1.96E-6,8.848E-5,1.32E-5
2024-09-13T00:00:00.000+02:00,58109.31,2348.88,542.7,0.5634,0.357,134.58,-6.9E-7,4.291E-5,0.0,2.306E-5,4.045E-5,2.638E-5
2024-09-14T00:00:00.000+02:00,60138.14,2420.23,554.0,0.5791,0.3593,137.51,-8.699E-5,8.45E-6,0.0,-5.76E-5,-1.986E-5,-1.2E-6
2024-09-14T08:00:00.000+02:00,59876.0,2418.54,551.0,0.587,0.3546,137.39,8.59E-6,-4.15E-6,0.0,7.898E-5,8.668E-5,3.207E-5
2024-09-15T00:00:00.000+02:00,60196.0,2422.9,555.0,0.5887,0.3557,137.16,-4.91E-6,-2.67E-6,0.0,5.188E-5,3.08E-5,1.401E-5
2024-09-15T08:00:00.000+02:00,60335.41,2408.71,561.2,0.5885,0.3487,135.76,1.0E-8,1.355E-5,0.0,2.769E-5,1.197E-5,1.07E-6
2024-09-15T16:00:00.000+02:00,59132.0,2316.1,553.4,0.5706,0.3385,131.37,4.02E-6,2.131E-5,0.0,4.46E-6,3.425E-5,1.278E-5
2024-09-16T00:00:00.000+02:00,58911.1,2310.69,550.4,0.5721,0.3367,131.25,2.402E-5,3.228E-5,0.0,1.644E-5,-3.46E-5,1.892E-5
2024-09-16T16:00:00.000+02:00,58213.99,2295.68,533.7,0.5866,0.3303,131.47,6.762E-5,-1.149E-5,-3.343E-5,5.446E-5,-3.739E-5,7.164E-5
2024-09-17T08:00:00.000+02:00,61135.5,2383.79,550.1,0.5907,0.3407,134.67,1.911E-5,2.423E-5,-9.55E-6,6.988E-5,-3.476E-5,2.206E-5
2024-09-17T16:00:00.000+02:00,60313.99,2341.8,546.2,0.5839,0.3338,131.54,5.327E-5,5.73E-5,-1.2454E-4,1.902E-5,-1.784E-5,2.153E-5
2024-09-18T00:00:00.000+02:00,60428.01,2330.0,545.5,0.5777,0.3339,131.35,1.344E-5,4.792E-5,-1.1651E-4,-2.796E-5,-7.449E-5,-1.61E-6
2024-09-18T08:00:00.000+02:00,59429.18,2296.0,538.2,0.5644,0.3285,127.67,1.678E-5,3.074E-5,-1.2655E-4,4.565E-5,-2.315E-5,-3.792E-5
2024-09-19T00:00:00.000+02:00,62093.99,2438.06,557.1,0.585,0.3477,138.56,3.512E-5,7.727E-5,-2.078E-5,5.25E-5,5.949E-5,6.423E-5
2024-09-19T08:00:00.000+02:00,63154.04,2440.0,565.3,0.5861,0.352,142.96,2.949E-5,8.266E-5,0.0,1.0E-4,1.0E-4,8.771E-5
2024-09-20T00:00:00.000+02:00,63524.8,2561.0,573.6,0.5909,0.3596,151.04,8.065E-5,1.0E-4,-7.39E-5,1.0E-4,1.0E-4,1.0E-4
2024-09-20T16:00:00.000+02:00,63201.05,2561.4,569.0,0.5851,0.3522,146.66,5.543E-5,1.0E-4,0.0,1.0E-4,1.0E-4,1.0E-4
2024-09-21T08:00:00.000+02:00,63167.98,2560.0,583.7,0.5867,0.3558,147.64,1.0E-4,6.665E-5,0.0,1.0E-4,1.0E-4,1.0E-4
2024-09-21T16:00:00.000+02:00,63348.96,2612.4,588.6,0.5976,0.3584,149.41,8.234E-5,4.536E-5,0.0,1.0E-4,1.0E-4,4.074E-5
2024-09-22T00:00:00.000+02:00,62936.0,2587.99,584.6,0.5959,0.3535,147.17,6.285E-5,4.896E-5,0.0,1.0E-4,1.0E-4,1.0E-4
2024-09-22T08:00:00.000+02:00,62652.12,2570.51,580.6,0.5891,0.3477,143.13,9.254E-5,5.198E-5,0.0,1.0E-4,7.766E-5,7.587E-5
2024-09-22T16:00:00.000+02:00,63578.76,2581.0,588.7,0.5871,0.3517,144.63,5.537E-5,1.0E-4,0.0,4.53E-5,6.239E-5,1.979E-5
2024-09-23T00:00:00.000+02:00,63548.82,2646.48,591.2,0.589,0.3532,145.52,6.546E-5,2.548E-5,0.0,6.389E-5,2.848E-5,-4.401E-5
2024-09-23T08:00:00.000+02:00,63618.0,2675.38,600.6,0.588,0.3566,144.21,1.364E-5,6.821E-5,0.0,1.0E-4,1.0E-4,5.545E-5
2024-09-23T16:00:00.000+02:00,63339.99,2646.97,604.5,0.5847,0.3637,144.79,5.304E-5,6.476E-5,0.0,7.235E-5,8.139E-5,-2.612E-5
2024-09-24T00:00:00.000+02:00,63559.92,2647.0,602.2,0.5869,0.3684,147.19,2.324E-5,3.85E-5,6.712E-5,4.237E-5,1.0E-4,4.827E-5
2024-09-24T08:00:00.000+02:00,63159.99,2612.44,606.3,0.5831,0.372,145.52,2.895E-5,4.791E-5,0.0,1.0E-4,1.0E-4,6.92E-5
2024-09-25T00:00:00.000+02:00,63843.33,2621.47,596.1,0.5875,0.3813,149.77,1.223E-5,2.445E-5,0.0,1.0E-4,1.0E-4,1.0E-4
2024-09-25T16:00:00.000+02:00,63152.01,2579.95,587.4,0.5831,0.3809,147.98,1.336E-5,3.538E-5,0.0,1.0E-4,1.0E-4,5.783E-5
2024-09-26T08:00:00.000+02:00,65229.03,2652.01,601.4,0.5928,0.4017,157.11,6.246E-5,8.119E-5,0.0,1.0E-4,1.0E-4,6.697E-5
2024-09-26T16:00:00.000+02:00,65173.99,2632.26,596.3,0.5905,0.4014,155.55,1.0E-4,1.0E-4,0.0,1.0E-4,1.0E-4,1.0E-4
2024-09-27T00:00:00.000+02:00,65460.02,2657.27,604.0,0.5893,0.4079,157.47,1.0E-4,9.625E-5,0.0,1.0E-4,1.0E-4,1.0E-4
2024-09-27T08:00:00.000+02:00,66006.01,2683.62,608.9,0.5881,0.4045,159.03,6.722E-5,7.694E-5,0.0,9.029E-5,1.0E-4,9.81E-6
2024-09-27T16:00:00.000+02:00,65769.95,2694.43,606.8,0.5888,0.4017,157.64,2.275E-5,6.276E-5,0.0,1.0E-4,1.0E-4,1.0E-4
2024-09-28T00:00:00.000+02:00,65824.01,2677.93,602.4,0.608,0.397,156.39,5.455E-5,1.0E-4,0.0,8.859E-5,1.0E-4,1.0E-4
2024-09-28T16:00:00.000+02:00,65858.0,2675.21,601.1,0.6138,0.4006,156.75,1.414E-5,7.162E-5,0.0,1.0E-4,1.0E-4,1.0E-4
2024-09-29T08:00:00.000+02:00,65751.34,2666.38,596.9,0.6595,0.4004,157.28,3.128E-5,6.785E-5,0.0,1.0E-4,1.0E-4,1.0E-4
2024-09-29T16:00:00.000+02:00,65602.01,2657.62,595.6,0.6412,0.3975,158.46,7.253E-5,8.854E-5,0.0,1.0E-4,1.0E-4,1.0E-4
2024-09-30T00:00:00.000+02:00,64562.01,2637.82,582.2,0.6453,0.3905,156.86,3.077E-5,6.161E-5,0.0,1.0E-4,1.0E-4,1.0E-4
2024-09-30T16:00:00.000+02:00,63327.59,2602.23,567.4,0.6114,0.3733,152.49,1.0E-4,1.0E-4,0.0,1.0E-4,1.0E-4,1.0E-4
2024-10-01T00:00:00.000+02:00,64045.92,2645.61,581.1,0.6285,0.3841,156.79,1.0E-4,1.0E-4,0.0,1.0E-4,1.0E-4,1.0E-4
2024-10-01T08:00:00.000+02:00,62628.85,2524.81,561.5,0.612,0.3664,149.61,1.0E-4,1.0E-4,0.0,1.0E-4,1.0E-4,1.0E-4
2024-10-02T00:00:00.000+02:00,61727.4,2482.04,556.3,0.6005,0.3592,147.75,6.632E-5,1.0E-4,-2.629E-5,9.312E-5,5.83E-5,1.0E-4
2024-10-02T08:00:00.000+02:00,61874.01,2460.4,549.4,0.5846,0.3519,147.46,8.409E-5,6.859E-5,0.0,1.329E-5,1.0E-4,1.306E-5
2024-10-02T16:00:00.000+02:00,60649.28,2364.1,542.5,0.5383,0.3432,140.18,8.191E-5,1.0E-4,0.0,3.889E-5,6.863E-5,7.012E-5
2024-10-03T00:00:00.000+02:00,60926.0,2364.66,545.3,0.5188,0.3426,139.9,4.381E-5,2.418E-5,0.0,8.621E-5,-1.982E-5,1.07E-6
2024-10-03T08:00:00.000+02:00,60641.5,2340.59,541.4,0.5226,0.3391,135.58,3.746E-5,4.124E-5,0.0,4.166E-5,6.57E-6,5.138E-5
2024-10-03T16:00:00.000+02:00,60752.71,2349.8,544.8,0.5217,0.3453,136.82,4.99E-5,4.621E-5,-1.3994E-4,1.912E-5,9.96E-6,-3.81E-6
2024-10-04T00:00:00.000+02:00,61443.64,2381.6,550.6,0.5241,0.3499,139.56,7.097E-5,5.138E-5,0.0,1.536E-5,-6.613E-5,3.715E-5
2024-10-04T08:00:00.000+02:00,61873.04,2417.05,553.7,0.5219,0.353,142.43,2.119E-5,3.739E-5,0.0,4.907E-5,-3.284E-5,-4.939E-5
2024-10-05T00:00:00.000+02:00,62076.19,2415.1,561.9,0.533,0.3555,143.8,-1.596E-5,1.0E-4,0.0,-2.791E-5,7.301E-5,5.818E-5
2024-10-05T08:00:00.000+02:00,62167.66,2415.01,564.2,0.5304,0.353,142.9,1.088E-5,7.909E-5,0.0,1.0E-4,-5.1E-7,9.502E-5
2024-10-05T16:00:00.000+02:00,62058.0,2414.66,563.0,0.5294,0.351,142.59,8.61E-6,5.458E-5,0.0,6.098E-5,1.0E-4,4.49E-6
2024-10-06T00:00:00.000+02:00,61949.01,2417.38,562.5,0.5311,0.3492,142.97,5.72E-6,9.056E-5,0.0,1.0E-4,1.0E-4,1.0E-4
2024-10-06T16:00:00.000+02:00,62819.91,2440.03,570.3,0.5336,0.3575,146.48,4.18E-5,3.309E-5,0.0,9.216E-5,3.487E-5,3.507E-5
2024-10-07T00:00:00.000+02:00,63531.99,2480.53,576.1,0.5403,0.3626,148.02,4.573E-5,3.36E-5,0.0,2.974E-5,1.0E-4,3.973E-5
2024-10-07T08:00:00.000+02:00,63651.6,2474.23,575.7,0.5412,0.3583,148.71,-9.52E-6,9.258E-5,0.0,7.223E-5,8.258E-5,7.543E-5
2024-10-08T00:00:00.000+02:00,62319.99,2428.6,563.4,0.5272,0.3521,143.08,-1.678E-5,6.592E-5,0.0,1.0E-4,8.412E-5,3.9E-7
2024-10-08T08:00:00.000+02:00,62288.01,2419.5,578.1,0.5247,0.345,142.8,7.094E-5,1.0E-4,0.0,7.631E-5,1.0E-4,1.0E-4
2024-10-08T16:00:00.000+02:00,62160.49,2440.89,580.8,0.531,0.3448,143.49,8.1E-5,8.377E-5,0.0,1.0E-4,7.926E-5,-2.549E-5
2024-10-09T00:00:00.000+02:00,62276.78,2436.01,582.4,0.5309,0.3445,143.17,1.0E-4,1.0E-4,-3.7285E-4,1.0E-4,5.812E-5,8.84E-6
2024-10-09T08:00:00.000+02:00,62316.0,2461.3,581.0,0.5317,0.3436,142.83,5.138E-5,3.64E-5,-5.5575E-4,1.0E-4,-3.993E-5,-3.713E-5
2024-10-09T16:00:00.000+02:00,60636.02,2370.47,570.7,0.5245,0.3396,139.33,7.939E-5,1.0E-4,-3.1397E-4,1.0E-4,-2.682E-5,1.0E-4
2024-10-10T00:00:00.000+02:00,60900.0,2395.8,570.2,0.5258,0.3376,139.69,2.09E-5,6.663E-5,-7.384E-5,1.0E-4,3.633E-5,1.0E-4
2024-10-10T08:00:00.000+02:00,60789.36,2404.63,565.6,0.5356,0.3376,138.67,1.532E-5,1.0E-4,-9.86E-5,1.0E-4,5.769E-5,-3.657E-5
2024-10-10T16:00:00.000+02:00,60326.39,2386.49,563.9,0.5305,0.3396,139.03,1.0E-4,1.0E-4,-1.291E-4,4.881E-5,4.342E-5,5.098E-5
2024-10-11T00:00:00.000+02:00,60674.69,2407.64,560.5,0.5383,0.3449,141.17,2.231E-5,1.0E-4,-1.5143E-4,1.0E-4,1.0E-4,5.45E-6
2024-10-11T08:00:00.000+02:00,62259.05,2443.81,571.9,0.5382,0.3502,144.41,-1.874E-5,9.474E-5,0.0,8.139E-5,2.291E-5,2.89E-6
2024-10-12T00:00:00.000+02:00,62767.57,2446.69,575.3,0.5381,0.3533,145.58,4.558E-5,4.445E-5,0.0,1.0E-4,1.0E-4,-3.249E-5
2024-10-12T16:00:00.000+02:00,63206.22,2476.4,576.6,0.5393,0.3532,146.4,-1.489E-5,7.35E-5,0.0,1.0E-4,1.0E-4,-4.766E-5
2024-10-13T00:00:00.000+02:00,62843.48,2465.0,574.2,0.5366,0.3588,146.42,6.93E-6,7.928E-5,0.0,8.88E-5,9.146E-5,5.22E-6
2024-10-13T08:00:00.000+02:00,62229.31,2440.51,566.9,0.528,0.3455,145.34,1.638E-5,3.958E-5,0.0,1.0E-4,1.0E-4,5.938E-5
2024-10-13T16:00:00.000+02:00,62870.02,2468.91,572.2,0.5321,0.3486,147.74,3.938E-5,1.763E-5,0.0,-1.324E-5,1.0E-4,5.394E-5
2024-10-14T00:00:00.000+02:00,64620.87,2535.78,580.5,0.539,0.3556,153.04,5.429E-5,6.559E-5,0.0,8.7E-5,2.356E-5,1.631E-5
2024-10-14T08:00:00.000+02:00,65870.0,2635.47,588.2,0.5491,0.3633,156.71,1.0E-4,1.0E-4,0.0,1.0E-4,3.924E-5,7.203E-5
2024-10-14T16:00:00.000+02:00,66083.99,2629.79,589.1,0.5483,0.3643,157.59,1.0E-4,1.0E-4,0.0,1.0E-4,1.0E-4,7.332E-5
2024-10-15T00:00:00.000+02:00,65638.74,2615.66,584.7,0.5457,0.3595,155.13,1.0E-4,1.0E-4,0.0,1.0E-4,1.0E-4,1.0E-4
2024-10-15T08:00:00.000+02:00,66022.0,2573.45,589.2,0.539,0.3556,153.29,1.0E-4,1.0E-4,6.46E-5,1.0E-4,1.0E-4,1.0E-4
2024-10-15T16:00:00.000+02:00,67074.14,2607.41,594.5,0.5417,0.3591,154.76,1.0E-4,1.0E-4,1.914E-5,1.0E-4,1.0E-4,1.0E-4
2024-10-16T00:00:00.000+02:00,66972.53,2607.13,591.0,0.539,0.3522,153.67,8.325E-5,1.0E-4,6.645E-5,1.0E-4,1.0E-4,6.943E-5
2024-10-16T16:00:00.000+02:00,67620.01,2611.1,600.9,0.5482,0.3521,154.28,1.0E-4,1.0E-4,0.0,1.0E-4,1.0E-4,9.905E-5
2024-10-17T00:00:00.000+02:00,67303.18,2628.5,597.0,0.5546,0.3484,152.61,1.0E-4,1.0E-4,0.0,1.0E-4,1.0E-4,4.579E-5
2024-10-17T08:00:00.000+02:00,67590.66,2630.82,594.1,0.5537,0.349,152.89,1.0E-4,1.0E-4,0.0,1.0E-4,1.0E-4,9.905E-5
2024-10-18T16:00:00.000+02:00,68428.0,2642.17,599.2,0.5465,0.3507,154.94,1.0E-4,1.0E-4,0.0,1.0E-4,1.0E-4,9.885E-5
2024-10-19T00:00:00.000+02:00,68346.54,2641.05,597.7,0.5462,0.3532,154.56,1.0E-4,1.0E-4,0.0,1.0E-4,1.0E-4,3.918E-5
2024-10-19T08:00:00.000+02:00,68226.93,2645.7,596.9,0.5444,0.3517,156.51,1.0E-4,1.0E-4,0.0,1.0E-4,1.0E-4,5.265E-5
2024-10-19T16:00:00.000+02:00,68378.0,2648.2,597.7,0.544,0.3513,159.79,1.0E-4,1.0E-4,0.0,1.0E-4,1.0E-4,7.269E-5
2024-10-20T00:00:00.000+02:00,68378.0,2646.1,597.6,0.5404,0.3507,158.78,1.0E-4,1.0E-4,0.0,1.0E-4,1.0E-4,1.0E-4
2024-10-20T08:00:00.000+02:00,68625.99,2706.58,599.1,0.5446,0.3597,160.01,1.0E-4,1.0E-4,0.0,1.0E-4,1.0E-4,4.903E-5
2024-10-20T16:00:00.000+02:00,69031.99,2746.91,605.9,0.5482,0.3649,167.4,1.0E-4,1.0E-4,0.0,1.0E-4,1.0E-4,7.01E-5
2024-10-21T00:00:00.000+02:00,68514.0,2722.01,609.1,0.5485,0.3662,168.64,1.0E-4,1.0E-4,0.0,1.0E-4,1.0E-4,1.0E-4
2024-10-21T08:00:00.000+02:00,67341.02,2679.43,595.8,0.5464,0.358,165.27,1.0E-4,1.0E-4,1.6124E-4,1.0E-4,1.0E-4,1.0E-4
2024-10-21T16:00:00.000+02:00,67377.5,2666.7,598.8,0.5449,0.3609,166.17,1.0E-4,1.0E-4,0.0,1.0E-4,1.0E-4,1.0E-4
2024-10-22T00:00:00.000+02:00,67402.0,2646.79,595.0,0.5473,0.3657,167.11,1.0E-4,1.0E-4,0.0,1.0E-4,1.0E-4,1.0E-4
2024-10-22T08:00:00.000+02:00,67282.27,2624.33,596.8,0.5335,0.3632,167.78,1.0E-4,1.0E-4,0.0,1.0E-4,1.0E-4,1.0E-4
2024-10-22T16:00:00.000+02:00,67426.0,2622.81,593.8,0.5339,0.3645,167.59,1.0E-4,1.0E-4,0.0,9.868E-5,1.0E-4,1.0E-4
2024-10-23T00:00:00.000+02:00,66852.34,2602.81,584.1,0.5268,0.3648,165.74,1.0E-4,1.0E-4,0.0,1.0E-4,1.0E-4,1.0E-4
2024-10-23T08:00:00.000+02:00,66223.44,2540.22,579.8,0.5239,0.3502,168.13,1.0E-4,1.0E-4,0.0,1.0E-4,1.0E-4,1.0E-4
2024-10-23T16:00:00.000+02:00,66668.65,2524.61,584.9,0.5258,0.3497,170.85,1.0E-4,1.0E-4,0.0,1.0E-4,1.0E-4,1.0E-4
2024-10-24T00:00:00.000+02:00,67123.08,2544.76,590.6,0.529,0.3457,173.56,1.0E-4,1.0E-4,0.0,1.0E-4,1.0E-4,1.0E-4
2024-10-24T08:00:00.000+02:00,67701.22,2525.84,592.4,0.5293,0.3434,175.43,1.0E-4,1.0E-4,0.0,1.0E-4,1.0E-4,1.0E-4
2024-10-24T16:00:00.000+02:00,68198.28,2535.82,594.5,0.532,0.3465,177.19,1.0E-4,1.0E-4,0.0,1.0E-4,9.851E-5,1.0E-4
2024-10-25T00:00:00.000+02:00,67531.97,2484.07,588.4,0.5239,0.3392,171.9,1.0E-4,1.0E-4,0.0,1.0E-4,1.0E-4,1.0E-4
2024-10-25T08:00:00.000+02:00,67690.01,2524.86,590.0,0.5225,0.342,172.45,1.0E-4,1.0E-4,0.0,1.0E-4,1.0E-4,1.0E-4
2024-10-25T16:00:00.000+02:00,66698.33,2440.62,575.3,0.5022,0.3261,164.9,1.0E-4,1.0E-4,0.0,1.0E-4,1.0E-4,3.16E-5
2024-10-26T00:00:00.000+02:00,67007.99,2465.61,579.7,0.5141,0.3322,167.35,4.755E-5,1.0E-4,0.0,2.578E-5,-4.176E-5,5.848E-5
2024-10-26T16:00:00.000+02:00,67092.76,2482.51,583.4,0.5134,0.3337,170.88,1.0E-4,1.0E-4,0.0,1.0E-4,3.291E-5,1.0E-4
2024-10-27T00:00:00.000+02:00,67204.01,2481.26,585.0,0.5149,0.3337,173.27,1.0E-4,1.0E-4,0.0,1.0E-4,5.979E-5,1.0E-4
2024-10-27T08:00:00.000+01:00,67791.99,2501.97,587.4,0.5173,0.3398,175.77,9.724E-5,1.0E-4,0.0,1.0E-4,4.857E-5,4.801E-5
2024-10-27T16:00:00.000+01:00,68021.7,2507.8,589.2,0.5168,0.3399,176.63,1.0E-4,1.0E-4,0.0,1.0E-4,4.495E-5,-1.684E-5
2024-10-28T00:00:00.000+01:00,68415.52,2511.77,591.6,0.5163,0.3365,175.69,9.425E-5,1.0E-4,0.0,8.166E-5,8.559E-5,8.656E-5
2024-10-28T16:00:00.000+01:00,69962.21,2567.48,601.1,0.5195,0.3437,178.29,8.946E-5,1.0E-4,0.0,1.0E-4,9.425E-5,2.332E-5
2024-10-29T00:00:00.000+01:00,71017.97,2613.3,604.0,0.5259,0.3474,180.16,1.0E-4,1.0E-4,0.0,1.0E-4,1.0E-4,1.0E-4
2024-10-29T08:00:00.000+01:00,72402.01,2648.52,609.9,0.5259,0.3504,180.61,1.0E-4,1.0E-4,4.545E-5,1.0E-4,1.0E-4,1.0E-4
2024-10-30T00:00:00.000+01:00,72227.99,2668.6,602.2,0.5238,0.3566,178.69,1.0E-4,1.0E-4,2.239E-4,1.0E-4,1.0E-4,1.0E-4
2024-10-30T08:00:00.000+01:00,72061.34,2683.08,597.1,0.5233,0.3546,173.93,1.0E-4,1.0E-4,1.4298E-4,1.0E-4,1.0E-4,1.0E-4
2024-10-31T00:00:00.000+01:00,72417.19,2646.8,587.6,0.5178,0.3557,174.5,1.0E-4,1.0E-4,7.648E-5,1.0E-4,1.0E-4,1.0E-4
2024-10-31T08:00:00.000+01:00,70620.0,2562.86,580.7,0.5108,0.3448,170.65,1.0E-4,1.0E-4,3.528E-5,1.0E-4,1.0E-4,1.0E-4
2024-10-31T16:00:00.000+01:00,70292.01,2518.61,576.6,0.5095,0.3418,168.69,1.0E-4,1.0E-4,0.0,1.0E-4,1.0E-4,1.0E-4
2024-11-01T00:00:00.000+01:00,69273.7,2504.12,574.7,0.512,0.3428,165.96,1.0E-4,1.0E-4,0.0,1.0E-4,1.0E-4,1.0E-4
2024-11-01T08:00:00.000+01:00,69387.77,2500.03,572.1,0.5162,0.3524,164.09,1.0E-4,1.0E-4,0.0,1.0E-4,1.0E-4,1.0E-4
2024-11-01T16:00:00.000+01:00,69496.01,2511.49,573.1,0.5131,0.3575,166.1,1.0E-4,1.0E-4,0.0,1.0E-4,1.0E-4,1.0E-4
2024-11-02T00:00:00.000+01:00,69813.91,2507.35,576.3,0.5129,0.3569,167.64,1.0E-4,1.0E-4,0.0,1.0E-4,1.0E-4,6.813E-5
2024-11-02T08:00:00.000+01:00,69393.17,2488.79,566.8,0.5104,0.3544,163.82,1.0E-4,1.0E-4,0.0,1.0E-4,1.0E-4,9.387E-5
2024-11-02T16:00:00.000+01:00,69374.74,2494.23,568.6,0.5103,0.3482,166.17,1.0E-4,1.0E-4,0.0,1.0E-4,1.0E-4,6.9E-5
2024-11-03T00:00:00.000+01:00,68397.42,2450.03,563.7,0.5058,0.3408,163.53,1.0E-4,1.0E-4,0.0,1.0E-4,1.0E-4,3.98E-5
2024-11-03T08:00:00.000+01:00,68090.9,2442.63,551.8,0.4971,0.3333,159.99,1.0E-4,1.0E-4,0.0,1.0E-4,1.0E-4,3.241E-5
2024-11-03T16:00:00.000+01:00,68775.99,2457.73,557.7,0.503,0.3341,162.53,1.0E-4,1.0E-4,0.0,4.917E-5,9.16E-5,8.014E-5
2024-11-04T00:00:00.000+01:00,68618.0,2459.67,558.91,0.5056,0.3304,161.41,1.0E-4,1.0E-4,0.0,1.0E-4,2.818E-5,4.818E-5
2024-11-04T08:00:00.000+01:00,68646.01,2442.6,559.72,0.5103,0.3282,163.03,1.0E-4,1.0E-4,0.0,1.0E-4,5.107E-5,6.725E-5
2024-11-04T16:00:00.000+01:00,67850.01,2398.21,552.5,0.5035,0.3263,157.95,1.0E-4,1.0E-4,0.0,1.0E-4,9.319E-5,6.216E-5
2024-11-05T00:00:00.000+01:00,68893.99,2443.4,560.53,0.5148,0.3313,162.04,1.0E-4,1.0E-4,0.0,1.0E-4,7.559E-5,5.868E-5
2024-11-06T00:00:00.000+01:00,73370.89,2594.0,583.69,0.5363,0.3595,183.83,1.0E-4,9.511E-5,0.0,1.0E-4,1.0E-4,-1.892E-5
2024-11-06T08:00:00.000+01:00,74298.0,2634.19,583.1,0.5307,0.3533,185.51,1.0E-4,1.0E-4,2.834E-5,1.0E-4,1.0E-4,1.0E-4
2024-11-06T16:00:00.000+01:00,75571.99,2721.87,592.22,0.5418,0.363,186.59,1.0E-4,1.0E-4,7.705E-5,1.0E-4,1.0E-4,1.0E-4
2024-11-07T00:00:00.000+01:00,74757.58,2820.29,595.75,0.5556,0.3688,188.01,1.0E-4,1.0E-4,4.19E-5,1.0E-4,1.0E-4,1.0E-4
2024-11-07T08:00:00.000+01:00,76059.69,2847.49,597.9,0.5499,0.3884,192.66,1.0E-4,1.4885E-4,2.7164E-4,1.0E-4,1.0E-4,1.0E-4
2024-11-07T16:00:00.000+01:00,75857.89,2895.47,598.26,0.5556,0.4065,196.35,1.0E-4,1.0E-4,9.543E-5,1.0E-4,1.0E-4,1.0E-4
2024-11-08T00:00:00.000+01:00,76148.49,2911.96,598.95,0.5505,0.4279,200.38,1.0E-4,1.0E-4,1.3806E-4,1.0E-4,1.0E-4,1.0E-4
2024-11-08T08:00:00.000+01:00,76427.72,2937.04,597.33,0.5523,0.4501,200.99,1.0E-4,1.0E-4,1.2525E-4,1.0E-4,1.0E-4,1.0E-4
2024-11-08T16:00:00.000+01:00,76509.78,2961.75,597.82,0.5537,0.4447,199.85,1.0E-4,1.0E-4,1.2741E-4,1.0E-4,1.0E-4,1.0E-4
2024-11-09T00:00:00.000+01:00,76529.08,3030.38,628.95,0.553,0.435,200.26,1.0E-4,1.0E-4,1.4585E-4,1.0E-4,1.0E-4,1.0E-4
2024-11-09T08:00:00.000+01:00,76319.9,3040.88,616.54,0.5482,0.4376,198.4,1.0E-4,1.0E-4,1.8785E-4,1.0E-4,1.0E-4,1.0E-4
2024-11-09T16:00:00.000+01:00,76677.46,3126.21,624.66,0.5593,0.4967,199.89,1.0E-4,1.0E-4,1.5914E-4,1.0E-4,1.0E-4,1.0E-4
2024-11-10T00:00:00.000+01:00,78832.37,3185.89,629.53,0.5853,0.5843,205.06,1.0E-4,1.0E-4,9.947E-5,1.0E-4,1.0E-4,1.0E-4
2024-11-10T08:00:00.000+01:00,79694.03,3209.53,639.91,0.6046,0.599,212.23,2.5603E-4,1.0E-4,2.9165E-4,2.4198E-4,1.6998E-4,1.9071E-4
2024-11-10T16:00:00.000+01:00,80370.01,3183.21,627.33,0.5884,0.5901,210.07,1.4113E-4,2.6708E-4,3.9432E-4,3.38E-4,3.1676E-4,4.1975E-4
2024-11-11T08:00:00.000+01:00,84059.54,3236.98,625.85,0.5904,0.6011,219.0,1.0E-4,1.881E-4,1.9878E-4,2.0534E-4,1.6604E-4,1.1081E-4
2024-11-11T16:00:00.000+01:00,88647.99,3371.59,659.63,0.6207,0.6132,222.13,1.0E-4,1.7298E-4,2.1978E-4,1.0E-4,1.0E-4,2.2373E-4
2024-11-12T08:00:00.000+01:00,86632.0,3261.65,625.44,0.6787,0.5708,210.53,4.3737E-4,5.762E-4,4.2666E-4,4.6735E-4,4.4771E-4,4.3733E-4
